BUSINESS_TYPE_ID,BUSINESS_CODE,BUSINESS_DESCRIPTION
1,327910,Abrasive Product Manufacturing
2,325520,Adhesive Manufacturing
3,924110,Administration of Air and Water Resource and Solid Waste Manageme
4,924120,Administration of Conservation Programs
5,923110,Administration of Education Programs
6,926110,Administration of General Economic Programs
7,925110,Administration of Housing Programs
8,923130,"Administration of Human Resource Programs (except Education, Publ"
9,923120,Administration of Public Health Programs
10,925120,Administration of Urban Planning and Community and Rural Developm
11,923140,Administration of Veterans' Affairs
12,541611,Administrative Management and General Management Consulting Servi
13,541810,Advertising Agencies
14,541870,Advertising Material Distribution Services
15,711410,"Agents and Managers for Artists, Athletes, Entertainers, and Othe"
16,517122,Agents for Wireless Telecommunications Services
17,488111,Air Traffic Control
18,333912,Air and Gas Compressor Manufacturing
19,333415,Air-Conditioning and Warm Air Heating Equipment and Commercial an
20,336412,Aircraft Engine and Engine Parts Manufacturing
21,336411,Aircraft Manufacturing
22,713990,All Other Amusement and Recreation Industries
23,112990,All Other Animal Production
24,811198,All Other Automotive Repair and Maintenance
25,325199,All Other Basic Organic Chemical Manufacturing
26,561499,All Other Business Support Services
27,532289,All Other Consumer Goods Rental
28,322299,All Other Converted Paper Product Manufacturing
29,455219,All Other General Merchandise Retailers
30,111199,All Other Grain Farming
31,456199,All Other Health and Personal Care Retailers
32,449129,All Other Home Furnishings Retailers
33,333248,All Other Industrial Machinery Manufacturing
34,524298,All Other Insurance Related Activities
35,541199,All Other Legal Services
36,621999,All Other Miscellaneous Ambulatory Health Care Services
37,325998,All Other Miscellaneous Chemical Product and Preparation Manufact
38,111998,All Other Miscellaneous Crop Farming
39,335999,All Other Miscellaneous Electrical Equipment and Component Manufa
40,332999,All Other Miscellaneous Fabricated Metal Product Manufacturing
41,311999,All Other Miscellaneous Food Manufacturing
42,333998,All Other Miscellaneous General Purpose Machinery Manufacturing
43,339999,All Other Miscellaneous Manufacturing
44,327999,All Other Miscellaneous Nonmetallic Mineral Product Manufacturing
45,459999,All Other Miscellaneous Retailers
46,611699,All Other Miscellaneous Schools and Instruction
47,314999,All Other Miscellaneous Textile Product Mills
48,562998,All Other Miscellaneous Waste Management Services
49,321999,All Other Miscellaneous Wood Product Manufacturing
50,621498,All Other Outpatient Care Centers
51,812990,All Other Personal Services
52,324199,All Other Petroleum and Coal Products Manufacturing
53,486990,All Other Pipeline Transportation
54,326199,All Other Plastics Product Manufacturing
55,541990,"All Other Professional, Scientific, and Technical Services"
56,513199,All Other Publishers
57,326299,All Other Rubber Product Manufacturing
58,445298,All Other Specialty Food Retailers
59,238990,All Other Specialty Trade Contractors
60,488999,All Other Support Activities for Transportation
61,561990,All Other Support Services
62,517810,All Other Telecommunications
63,485999,All Other Transit and Ground Passenger Transportation
64,336999,All Other Transportation Equipment Manufacturing
65,561599,All Other Travel Arrangement and Reservation Services
66,721199,All Other Traveler Accommodation
67,331313,Alumina Refining and Primary Aluminum Production
68,331524,Aluminum Foundries (except Die-Casting)
69,331315,"Aluminum Sheet, Plate, and Foil Manufacturing"
70,621910,Ambulance Services
71,921150,American Indian and Alaska Native Tribal Governments
72,332993,Ammunition (except Small Arms) Manufacturing
73,713120,Amusement Arcades
74,713110,Amusement and Theme Parks
75,334516,Analytical Laboratory Instrument Manufacturing
76,311611,Animal (except Poultry) Slaughtering
77,112910,Apiculture
78,315990,Apparel Accessories and Other Apparel Manufacturing
79,315120,Apparel Knitting Mills
80,111331,Apple Orchards
81,811412,Appliance Repair and Maintenance
82,611513,Apprenticeship Training
83,541310,Architectural Services
84,561613,Armored Car Services
85,459920,Art Dealers
86,325220,Artificial and Synthetic Fibers and Filaments Manufacturing
87,324121,Asphalt Paving Mixture and Block Manufacturing
88,324122,Asphalt Shingle and Coating Materials Manufacturing
89,623312,Assisted Living Facilities for the Elderly
90,334310,Audio and Video Equipment Manufacturing
91,334512,"Automatic Environmental Control Manufacturing for Residential, Co"
92,611692,Automobile Driving Schools
93,336110,Automobile and Light Duty Motor Vehicle Manufacturing
94,423110,Automobile and Other Motor Vehicle Merchant Wholesalers
95,811121,"Automotive Body, Paint, and Interior Repair and Maintenance"
96,811122,Automotive Glass Replacement Shops
97,811191,Automotive Oil Change and Lubrication Shops
98,441330,Automotive Parts and Accessories Retailers
99,445291,Baked Goods Retailers
100,332991,Ball and Roller Bearing Manufacturing
101,812111,Barber Shops
102,334412,Bare Printed Circuit Board Manufacturing
103,335910,Battery Manufacturing
104,812112,Beauty Salons
105,721191,Bed-and-Breakfast Inns
106,112111,Beef Cattle Ranching and Farming
107,424810,Beer and Ale Merchant Wholesalers
108,445320,"Beer, Wine, and Liquor Retailers"
109,311313,Beet Sugar Manufacturing
110,111334,Berry (except Strawberry) Farming
111,325414,Biological Product (except Diagnostic) Manufacturing
112,221117,Biomass Electric Power Generation
113,337920,Blind and Shade Manufacturing
114,621991,Blood and Organ Banks
115,336612,Boat Building
116,441222,Boat Dealers
117,332722,"Bolt, Nut, Screw, Rivet, and Washer Manufacturing"
118,513130,Book Publishers
119,459210,Book Retailers and News Dealers
120,424920,"Book, Periodical, and Newspaper Merchant Wholesalers"
121,323117,Books Printing
122,312112,Bottled Water Manufacturing
123,713950,Bowling Centers
124,311230,Breakfast Cereal Manufacturing
125,312120,Breweries
126,423320,"Brick, Stone, and Related Construction Material Merchant Wholesal"
127,313210,Broadwoven Fabric Mills
128,112320,Broilers and Other Meat Type Chicken Production
129,339994,"Broom, Brush, and Mop Manufacturing"
130,541350,Building Inspection Services
131,339995,Burial Casket Manufacturing
132,485113,Bus and Other Motor Vehicle Transit Systems
133,813910,Business Associations
134,611410,Business and Secretarial Schools
135,722514,"Cafeterias, Grill Buffets, and Buffets"
136,311314,Cane Sugar Manufacturing
137,334416,"Capacitor, Resistor, Coil, Transformer, and Other Inductor Manufa"
138,811192,Car Washes
139,335991,Carbon and Graphite Product Manufacturing
140,314110,Carpet and Rug Mills
141,561740,Carpet and Upholstery Cleaning Services
142,721120,Casino Hotels
143,713210,Casinos (except Casino Hotels)
144,722320,Caterers
145,112112,Cattle Feedlots
146,327310,Cement Manufacturing
147,812220,Cemeteries and Crematories
148,485510,Charter Bus Industry
149,311513,Cheese Manufacturing
150,112310,Chicken Egg Production
151,624410,Child Care Services
152,624110,Child and Youth Services
153,311351,Chocolate and Confectionery Manufacturing from Cacao Beans
154,111320,Citrus (except Orange) Groves
155,813410,Civic and Social Organizations
156,524291,Claims Adjusting
157,327120,Clay Building Material and Refractories Manufacturing
158,424350,Clothing and Clothing Accessories Merchant Wholesalers
159,458110,Clothing and Clothing Accessories Retailers
160,423520,Coal and Other Mineral and Ore Merchant Wholesalers
161,483113,Coastal and Great Lakes Freight Transportation
162,483114,Coastal and Great Lakes Passenger Transportation
163,311920,Coffee and Tea Manufacturing
164,812310,Coin-Operated Laundries and Drycleaners
165,561440,Collection Agencies
166,611310,"Colleges, Universities, and Professional Schools"
167,532411,"Commercial Air, Rail, and Water Transportation Equipment Rental a"
168,311812,Commercial Bakeries
169,522110,Commercial Banking
170,541922,Commercial Photography
171,323111,Commercial Printing (except Screen and Books)
172,323113,Commercial Screen Printing
173,811310,Commercial and Industrial Machinery and Equipment (except Automot
174,236220,Commercial and Institutional Building Construction
175,333310,Commercial and Service Industry Machinery Manufacturing
176,335132,"Commercial, Industrial, and Institutional Electric Lighting Fixtu"
177,523160,Commodity Contracts Intermediation
178,624210,Community Food Services
179,485112,Commuter Rail Systems
180,325315,Compost Manufacturing
181,541513,Computer Facilities Management Services
182,334112,Computer Storage Device Manufacturing
183,541512,Computer Systems Design Services
184,334118,Computer Terminal and Other Computer Peripheral Equipment Manufac
185,611420,Computer Training
186,423430,Computer and Computer Peripheral Equipment and Software Merchant 
187,518210,"Computing Infrastructure Providers, Data Processing, Web Hosting,"
188,327331,Concrete Block and Brick Manufacturing
189,327332,Concrete Pipe Manufacturing
190,311352,Confectionery Manufacturing from Purchased Chocolate
191,424450,Confectionery Merchant Wholesalers
192,445292,Confectionery and Nut Retailers
193,333120,Construction Machinery Manufacturing
194,212321,Construction Sand and Gravel Mining
195,423810,Construction and Mining (except Oil Well) Machinery and Equipment
196,532412,"Construction, Mining, and Forestry Machinery and Equipment Rental"
197,532210,Consumer Electronics and Appliances Rental
198,522291,Consumer Lending
199,623311,Continuing Care Retirement Communities
200,445131,Convenience Retailers
201,561920,Convention and Trade Show Organizers
202,561591,Convention and Visitors Bureaus
203,333922,Conveyor and Conveying Equipment Manufacturing
204,311821,Cookie and Cracker Manufacturing
205,331420,"Copper Rolling, Drawing, Extruding, and Alloying"
206,212230,"Copper, Nickel, Lead, and Zinc Mining"
207,111150,Corn Farming
208,551114,"Corporate, Subsidiary, and Regional Managing Offices"
209,922140,Correctional Institutions
210,322211,Corrugated and Solid Fiber Box Manufacturing
211,456120,"Cosmetics, Beauty Supplies, and Perfume Retailers"
212,611511,Cosmetology and Barber Schools
213,111920,Cotton Farming
214,115111,Cotton Ginning
215,492110,Couriers and Express Delivery Services
216,561492,Court Reporting and Stenotype Services
217,922110,Courts
218,311512,Creamery Butter Manufacturing
219,561450,Credit Bureaus
220,522210,Credit Card Issuing
221,522130,Credit Unions
222,115113,"Crop Harvesting, Primarily by Machine"
223,211120,Crude Petroleum Extraction
224,212313,Crushed and Broken Granite Mining and Quarrying
225,212312,Crushed and Broken Limestone Mining and Quarrying
226,335931,Current-Carrying Wiring Device Manufacturing
227,314120,Curtain and Linen Mills
228,337212,Custom Architectural Woodwork and Millwork Manufacturing
229,325991,Custom Compounding of Purchased Resins
230,541511,Custom Computer Programming Services
231,332114,Custom Roll Forming
232,321912,"Cut Stock, Resawing Lumber, and Planing"
233,327991,Cut Stone and Stone Product Manufacturing
234,315210,Cut and Sew Apparel Contractors
235,315250,Cut and Sew Apparel Manufacturing (except Contractors)
236,333515,Cutting Tool and Machine Tool Accessory Manufacturing
237,325194,"Cyclic Crude, Intermediate, and Gum and Wood Chemical Manufacturi"
238,112120,Dairy Cattle and Milk Production
239,424430,Dairy Product (except Dried or Canned) Merchant Wholesalers
240,711120,Dance Companies
241,483111,Deep Sea Freight Transportation
242,483112,Deep Sea Passenger Transportation
243,339114,Dental Equipment and Supplies Manufacturing
244,339116,Dental Laboratories
245,455110,Department Stores
246,621512,Diagnostic Imaging Centers
247,812191,Diet and Weight Reducing Centers
248,212311,Dimension Stone Mining and Quarrying
249,524114,Direct Health and Medical Insurance Carriers
250,524113,Direct Life Insurance Carriers
251,541860,Direct Mail Advertising
252,524126,Direct Property and Casualty Insurance Carriers
253,524127,Direct Title Insurance Carriers
254,513140,Directory and Mailing List Publishers
255,312140,Distilleries
256,561410,Document Preparation Services
257,311111,Dog and Cat Food Manufacturing
258,339930,"Doll, Toy, and Game Manufacturing"
259,541340,Drafting Services
260,311423,Dried and Dehydrated Food Manufacturing
261,213111,Drilling Oil and Gas Wells
262,722410,Drinking Places (Alcoholic Beverages)
263,512132,Drive-In Motion Picture Theaters
264,424210,Drugs and Druggists' Sundries Merchant Wholesalers
265,311824,"Dry Pasta, Dough, and Flour Mixes Manufacturing from Purchased Fl"
266,111130,Dry Pea and Bean Farming
267,311514,"Dry, Condensed, and Evaporated Dairy Product Manufacturing"
268,812320,Drycleaning and Laundry Services (except Coin-Operated)
269,238310,Drywall and Insulation Contractors
270,112130,Dual-Purpose Cattle Ranching and Farming
271,611710,Educational Support Services
272,221121,Electric Bulk Power Transmission and Control
273,335139,Electric Lamp Bulb and Other Lighting Equipment Manufacturing
274,221122,Electric Power Distribution
275,423610,"Electrical Apparatus and Equipment, Wiring Supplies, and Related "
276,238210,Electrical Contractors and Other Wiring Installation Contractors
277,334510,Electromedical and Electrotherapeutic Apparatus Manufacturing
278,334111,Electronic Computer Manufacturing
279,334417,Electronic Connector Manufacturing
280,811210,Electronic and Precision Equipment Repair and Maintenance
281,449210,Electronics and Appliance Retailers
282,332813,"Electroplating, Plating, Polishing, Anodizing, and Coloring"
283,611110,Elementary and Secondary Schools
284,333921,Elevator and Moving Stairway Manufacturing
285,624230,Emergency and Other Relief Services
286,561311,Employment Placement Agencies
287,321215,Engineered Wood Member Manufacturing
288,541330,Engineering Services
289,813312,"Environment, Conservation and Wildlife Organizations"
290,541620,Environmental Consulting Services
291,325193,Ethyl Alcohol Manufacturing
292,611691,Exam Preparation and Tutoring
293,921110,Executive Offices
294,561312,Executive Search Services
295,921140,"Executive and Legislative Offices, Combined"
296,325920,Explosives Manufacturing
297,561710,Exterminating and Pest Control Services
298,313320,Fabric Coating Mills
299,332996,Fabricated Pipe and Pipe Fitting Manufacturing
300,332312,Fabricated Structural Metal Manufacturing
301,561210,Facilities Support Services
302,621410,Family Planning Centers
303,115115,Farm Labor Contractors and Crew Leaders
304,333111,Farm Machinery and Equipment Manufacturing
305,115116,Farm Management Services
306,493130,Farm Product Warehousing and Storage
307,424910,Farm Supplies Merchant Wholesalers
308,423820,Farm and Garden Machinery and Equipment Merchant Wholesalers
309,339993,"Fastener, Button, Needle, and Pin Manufacturing"
310,311225,Fats and Oils Refining and Blending
311,325314,Fertilizer (Mixing Only) Manufacturing
312,335921,Fiber Optic Cable Manufacturing
313,313110,"Fiber, Yarn, and Thread Mills"
314,522320,"Financial Transactions Processing, Reserve, and Clearinghouse Act"
315,611610,Fine Arts Schools
316,112511,Finfish Farming and Fish Hatcheries
317,114111,Finfish Fishing
318,238350,Finish Carpentry Contractors
319,922160,Fire Protection
320,424460,Fish and Seafood Merchant Wholesalers
321,445250,Fish and Seafood Retailers
322,713940,Fitness and Recreational Sports Centers
323,327211,Flat Glass Manufacturing
324,311930,Flavoring Syrup and Concentrate Manufacturing
325,611512,Flight Training
326,449121,Floor Covering Retailers
327,238330,Flooring Contractors
328,111422,Floriculture Production
329,459310,Florists
330,311211,Flour Milling
331,424930,"Flower, Nursery Stock, and Florists' Supplies Merchant Wholesaler"
332,311511,Fluid Milk Manufacturing
333,333995,Fluid Power Cylinder and Actuator Manufacturing
334,333996,Fluid Power Pump and Motor Manufacturing
335,332912,Fluid Power Valve and Hose Fitting Manufacturing
336,322212,Folding Paperboard Box Manufacturing
337,456191,Food (Health) Supplement Retailers
338,333241,Food Product Machinery Manufacturing
339,722310,Food Service Contractors
340,316210,Footwear Manufacturing
341,424340,Footwear Merchant Wholesalers
342,811430,Footwear and Leather Goods Repair
343,113210,Forest Nurseries and Gathering of Forest Products
344,532281,Formal Wear and Costume Rental
345,221112,Fossil Fuel Electric Power Generation
346,238130,Framing Contractors
347,621493,Freestanding Ambulatory Surgical and Emergency Centers
348,488510,Freight Transportation Arrangement
349,424480,Fresh Fruit and Vegetable Merchant Wholesalers
350,311813,"Frozen Cakes, Pies, and Other Pastries Manufacturing"
351,311411,"Frozen Fruit, Juice, and Vegetable Manufacturing"
352,311412,Frozen Specialty Food Manufacturing
353,111336,Fruit and Tree Nut Combination Farming
354,311421,Fruit and Vegetable Canning
355,445230,Fruit and Vegetable Retailers
356,457210,Fuel Dealers
357,722511,Full-Service Restaurants
358,812210,Funeral Homes and Funeral Services
359,112930,Fur-Bearing Animal and Rabbit Production
360,423210,Furniture Merchant Wholesalers
361,449110,Furniture Retailers
362,339991,"Gasket, Packing, and Sealing Device Manufacturing"
363,457110,Gasoline Stations with Convenience Stores
364,811111,General Automotive Repair
365,484110,"General Freight Trucking, Local"
366,484121,"General Freight Trucking, Long-Distance, Truckload"
367,484122,"General Freight Trucking, Long-Distance, Less Than Truckload"
368,424410,General Line Grocery Merchant Wholesalers
369,622110,General Medical and Surgical Hospitals
370,532310,General Rental Centers
371,493110,General Warehousing and Storage
372,541360,Geophysical Surveying and Mapping Services
373,221116,Geothermal Electric Power Generation
374,459420,"Gift, Novelty, and Souvenir Retailers"
375,327213,Glass Container Manufacturing
376,327215,Glass Product Manufacturing Made of Purchased Glass
377,238150,Glass and Glazing Contractors
378,112420,Goat Farming
379,212220,Gold Ore and Silver Ore Mining
380,713910,Golf Courses and Country Clubs
381,424510,Grain and Field Bean Merchant Wholesalers
382,813211,Grantmaking Foundations
383,111332,Grape Vineyards
384,541430,Graphic Design Services
385,513191,Greeting Card Publishers
386,327992,Ground or Treated Mineral and Earth Manufacturing
387,336414,Guided Missile and Space Vehicle Manufacturing
388,336415,Guided Missile and Space Vehicle Propulsion Unit and Propulsion U
389,327420,Gypsum Product Manufacturing
390,621491,HMO Medical Centers
391,332510,Hardware Manufacturing
392,423710,Hardware Merchant Wholesalers
393,444140,Hardware Retailers
394,321211,Hardwood Veneer and Plywood Manufacturing
395,111940,Hay Farming
396,562112,Hazardous Waste Collection
397,562211,Hazardous Waste Treatment and Disposal
398,525120,Health and Welfare Funds
399,333414,Heating Equipment (except Warm Air Furnaces) Manufacturing
400,336120,Heavy Duty Truck Manufacturing
401,237310,"Highway, Street, and Bridge Construction"
402,712120,Historical Sites
403,459120,"Hobby, Toy, and Game Retailers"
404,112210,Hog and Pig Farming
405,444110,Home Centers
406,423220,Home Furnishing Merchant Wholesalers
407,621610,Home Health Care Services
408,532283,Home Health Equipment Rental
409,811411,Home and Garden Equipment Repair and Maintenance
410,112920,Horses and Other Equine Production
411,721110,Hotels (except Casino Hotels) and Motels
412,423620,"Household Appliances, Electric Housewares, and Consumer Electroni"
413,337126,Household Furniture (except Wood and Upholstered) Manufacturing
414,541612,Human Resources Consulting Services
415,813311,Human Rights Organizations
416,114210,Hunting and Trapping
417,221111,Hydroelectric Power Generation
418,311520,Ice Cream and Frozen Dessert Manufacturing
419,312113,Ice Manufacturing
420,325413,In-Vitro Diagnostic Substance Manufacturing
421,711510,"Independent Artists, Writers, and Performers"
422,541850,Indoor and Outdoor Display Advertising
423,236210,Industrial Building Construction
424,541420,Industrial Design Services
425,325120,Industrial Gas Manufacturing
426,812332,Industrial Launderers
427,423830,Industrial Machinery and Equipment Merchant Wholesalers
428,333511,Industrial Mold Manufacturing
429,333994,Industrial Process Furnace and Oven Manufacturing
430,212322,Industrial Sand Mining
431,423840,Industrial Supplies Merchant Wholesalers
432,333924,"Industrial Truck, Tractor, Trailer, and Stacker Machinery Manufac"
433,332911,Industrial Valve Manufacturing
434,333413,Industrial and Commercial Fan and Blower and Air Purification Equ
435,424130,Industrial and Personal Service Paper Merchant Wholesalers
436,483211,Inland Water Freight Transportation
437,483212,Inland Water Passenger Transportation
438,337127,Institutional Furniture Manufacturing
439,334515,Instrument Manufacturing for Measuring and Testing Electricity an
440,334513,"Instruments and Related Products Manufacturing for Measuring, Dis"
441,524210,Insurance Agencies and Brokerages
442,541410,Interior Design Services
443,928120,International Affairs
444,522299,"International, Secondary Market, and All Other Nondepository Cred"
445,485210,Interurban and Rural Bus Transportation
446,561611,Investigation and Personal Background Check Services
447,523150,Investment Banking and Securities Intermediation
448,331511,Iron Foundries
449,212210,Iron Ore Mining
450,332111,Iron and Steel Forging
451,331110,Iron and Steel Mills and Ferroalloy Manufacturing
452,331210,Iron and Steel Pipe and Tube Manufacturing from Purchased Steel
453,334517,Irradiation Apparatus Manufacturing
454,561720,Janitorial Services
455,458310,Jewelry Retailers
456,339910,Jewelry and Silverware Manufacturing
457,423940,"Jewelry, Watch, Precious Stone, and Precious Metal Merchant Whole"
458,611210,Junior Colleges
459,212323,"Kaolin, Clay, and Ceramic and Refractory Minerals Mining"
460,621492,Kidney Dialysis Centers
461,313240,Knit Fabric Mills
462,813930,Labor Unions and Similar Labor Organizations
463,326130,"Laminated Plastics Plate, Sheet (except Packaging), and Shape Man"
464,237210,Land Subdivision
465,541320,Landscape Architectural Services
466,561730,Landscaping Services
467,611630,Language Schools
468,333112,Lawn and Garden Tractor and Home Lawn and Garden Equipment Manufa
469,316110,Leather and Hide Tanning and Finishing
470,922130,Legal Counsel and Prosecution
471,921120,Legislative Bodies
472,531130,Lessors of Miniwarehouses and Self-Storage Units
473,533110,Lessors of Nonfinancial Intangible Assets (except Copyrighted Wor
474,531120,Lessors of Nonresidential Buildings (except Miniwarehouses)
475,531190,Lessors of Other Real Estate Property
476,531110,Lessors of Residential Buildings and Dwellings
477,519210,Libraries and Archives
478,327410,Lime Manufacturing
479,722513,Limited-Service Restaurants
480,485320,Limousine Service
481,482111,Line-Haul Railroads
482,812331,Linen Supply
483,424520,Livestock Merchant Wholesalers
484,492210,Local Messengers and Local Delivery
485,561622,Locksmiths
486,113310,Logging
487,458320,Luggage and Leather Goods Retailers
488,423310,"Lumber, Plywood, Millwork, and Wood Panel Merchant Wholesalers"
489,332710,Machine Shops
490,333517,Machine Tool Manufacturing
491,335220,Major Household Appliance Manufacturing
492,311213,Malt Manufacturing
493,459930,Manufactured (Mobile) Home Dealers
494,321991,Manufactured Home (Mobile Home) Manufacturing
495,334610,Manufacturing and Reproducing Magnetic and Optical Media
496,713930,Marinas
497,488320,Marine Cargo Handling
498,541613,Marketing Consulting Services
499,541910,Marketing Research and Public Opinion Polling
500,238140,Masonry Contractors
501,562920,Materials Recovery Facilities
502,337910,Mattress Manufacturing
503,311941,"Mayonnaise, Dressing, and Other Prepared Sauce Manufacturing"
504,333914,"Measuring, Dispensing, and Other Pumping Equipment Manufacturing"
505,311612,Meat Processed from Carcasses
506,445240,Meat Retailers
507,424470,Meat and Meat Product Merchant Wholesalers
508,333613,Mechanical Power Transmission Equipment Manufacturing
509,541830,Media Buying Agencies
510,541840,Media Representatives
511,516210,"Media Streaming Distribution Services, Social Networks, and Other"
512,621511,Medical Laboratories
513,423450,"Medical, Dental, and Hospital Equipment and Supplies Merchant Who"
514,325411,Medicinal and Botanical Manufacturing
515,332431,Metal Can Manufacturing
516,332812,"Metal Coating, Engraving (except Jewelry and Silverware), and All"
517,332119,"Metal Crown, Closure, and Other Metal Stamping (except Automotive"
518,332811,Metal Heat Treating
519,332215,"Metal Kitchen Cookware, Utensil, Cutlery, and Flatware (except Pr"
520,423510,Metal Service Centers and Other Metal Merchant Wholesalers
521,332420,Metal Tank (Heavy Gauge) Manufacturing
522,332321,Metal Window and Door Manufacturing
523,336992,"Military Armored Vehicle, Tank, and Tank Component Manufacturing"
524,327993,Mineral Wool Manufacturing
525,333131,Mining Machinery and Equipment Manufacturing
526,523999,Miscellaneous Financial Investment Activities
527,523910,Miscellaneous Intermediation
528,485111,Mixed Mode Transit Systems
529,722330,Mobile Food Services
530,521110,Monetary Authorities-Central Bank
531,522310,Mortgage and Nonmortgage Loan Brokers
532,512131,Motion Picture Theaters (except Drive-Ins)
533,512120,Motion Picture and Video Distribution
534,512110,Motion Picture and Video Production
535,336213,Motor Home Manufacturing
536,336211,Motor Vehicle Body Manufacturing
537,336340,Motor Vehicle Brake System Manufacturing
538,336320,Motor Vehicle Electrical and Electronic Equipment Manufacturing
539,336310,Motor Vehicle Gasoline Engine and Engine Parts Manufacturing
540,336370,Motor Vehicle Metal Stamping
541,423140,Motor Vehicle Parts (Used) Merchant Wholesalers
542,336360,Motor Vehicle Seating and Interior Trim Manufacturing
543,336330,Motor Vehicle Steering and Suspension Components (except Spring) 
544,423120,Motor Vehicle Supplies and New Parts Merchant Wholesalers
545,488410,Motor Vehicle Towing
546,336350,Motor Vehicle Transmission and Power Train Parts Manufacturing
547,335312,Motor and Generator Manufacturing
548,441227,"Motorcycle, ATV, and All Other Motor Vehicle Dealers"
549,336991,"Motorcycle, Bicycle, and Parts Manufacturing"
550,712110,Museums
551,111411,Mushroom Production
552,512230,Music Publishers
553,711130,Musical Groups and Artists
554,339992,Musical Instrument Manufacturing
555,459140,Musical Instrument and Supplies Retailers
556,812113,Nail Salons
557,313220,Narrow Fabric Mills and Schiffli Machine Embroidery
558,928110,National Security
559,221210,Natural Gas Distribution
560,211130,Natural Gas Extraction
561,712190,Nature Parks and Other Similar Institutions
562,488330,Navigational Services to Shipping
563,441110,New Car Dealers
564,236117,New Housing For-Sale Builders
565,236116,New Multifamily Housing Construction (except For-Sale Builders)
566,236115,New Single-Family Housing Construction (except For-Sale Builders)
567,513110,Newspaper Publishers
568,325311,Nitrogenous Fertilizer Manufacturing
569,311340,Nonchocolate Confectionery Manufacturing
570,335932,Noncurrent-Carrying Wiring Device Manufacturing
571,332112,Nonferrous Forging
572,331410,Nonferrous Metal (except Aluminum) Smelting and Refining
573,331491,"Nonferrous Metal (except Copper and Aluminum) Rolling, Drawing, a"
574,331523,Nonferrous Metal Die-Casting Foundries
575,531312,Nonresidential Property Managers
576,481212,Nonscheduled Chartered Freight Air Transportation
577,481211,Nonscheduled Chartered Passenger Air Transportation
578,337122,Nonupholstered Wood Household Furniture Manufacturing
579,313230,Nonwoven Fabric Mills
580,221113,Nuclear Electric Power Generation
581,111421,Nursery and Tree Production
582,444240,"Nursery, Garden Center, and Farm Supply Retailers"
583,623110,Nursing Care Facilities (Skilled Nursing Facilities)
584,561110,Office Administrative Services
585,423420,Office Equipment Merchant Wholesalers
586,337214,Office Furniture (except Wood) Manufacturing
587,532420,Office Machinery and Equipment Rental and Leasing
588,339940,Office Supplies (except Paper) Manufacturing
589,459410,Office Supplies and Stationery Retailers
590,621399,Offices of All Other Miscellaneous Health Practitioners
591,551111,Offices of Bank Holding Companies
592,541211,Offices of Certified Public Accountants
593,621310,Offices of Chiropractors
594,621210,Offices of Dentists
595,541110,Offices of Lawyers
596,621330,Offices of Mental Health Practitioners (except Physicians)
597,541120,Offices of Notaries
598,621320,Offices of Optometrists
599,551112,Offices of Other Holding Companies
600,621340,"Offices of Physical, Occupational and Speech Therapists, and Audi"
601,621111,Offices of Physicians (except Mental Health Specialists)
602,621112,"Offices of Physicians, Mental Health Specialists"
603,621391,Offices of Podiatrists
604,531210,Offices of Real Estate Agents and Brokers
605,531320,Offices of Real Estate Appraisers
606,333132,Oil and Gas Field Machinery and Equipment Manufacturing
607,237120,Oil and Gas Pipeline and Related Structures Construction
608,111120,Oilseed (except Soybean) Farming
609,111191,Oilseed and Grain Combination Farming
610,812922,One-Hour Photofinishing
611,525910,Open-End Investment Funds
612,339115,Ophthalmic Goods Manufacturing
613,423460,Ophthalmic Goods Merchant Wholesalers
614,456130,Optical Goods Retailers
615,111310,Orange Groves
616,332323,Ornamental and Architectural Metal Work Manufacturing
617,541219,Other Accounting Services
618,522390,Other Activities Related to Credit Intermediation
619,531390,Other Activities Related to Real Estate
620,336413,Other Aircraft Parts and Auxiliary Equipment Manufacturing
621,488119,Other Airport Operations
622,331318,"Other Aluminum Rolling, Drawing, and Extruding"
623,311119,Other Animal Food Manufacturing
624,112519,Other Aquaculture
625,325180,Other Basic Inorganic Chemical Manufacturing
626,238290,Other Building Equipment Contractors
627,238390,Other Building Finishing Contractors
628,444180,Other Building Material Dealers
629,561439,Other Business Service Centers (including Copy Shops)
630,424690,Other Chemical and Allied Products Merchant Wholesalers
631,423440,Other Commercial Equipment Merchant Wholesalers
632,532490,Other Commercial and Industrial Machinery and Equipment Rental an
633,335929,Other Communication and Energy Wire Manufacturing
634,334290,Other Communications Equipment Manufacturing
635,624229,Other Community Housing Services
636,541519,Other Computer Related Services
637,327390,Other Concrete Product Manufacturing
638,423390,Other Construction Material Merchant Wholesalers
639,212319,Other Crushed and Broken Stone Mining and Quarrying
640,524128,"Other Direct Insurance (except Life, Health, and Medical) Carrier"
641,221118,Other Electric Power Generation
642,334419,Other Electronic Component Manufacturing
643,423690,Other Electronic Parts and Equipment Merchant Wholesalers
644,333618,Other Engine Equipment Manufacturing
645,332618,Other Fabricated Wire Product Manufacturing
646,424590,Other Farm Product Raw Material Merchant Wholesalers
647,525990,Other Financial Vehicles
648,111419,Other Food Crops Grown Under Cover
649,238190,"Other Foundation, Structure, and Building Exterior Contractors"
650,713290,Other Gambling Industries
651,457120,Other Gasoline Stations
652,921190,Other General Government Support
653,813219,Other Grantmaking and Giving Services
654,424490,Other Grocery and Related Products Merchant Wholesalers
655,336419,Other Guided Missile and Space Vehicle Parts and Auxiliary Equipm
656,237990,Other Heavy and Civil Engineering Construction
657,624190,Other Individual and Family Services
658,525190,Other Insurance Funds
659,922190,"Other Justice, Public Order, and Safety Activities"
660,316990,Other Leather and Allied Product Manufacturing
661,541618,Other Management Consulting Services
662,114119,Other Marine Fishing
663,334519,Other Measuring and Controlling Device Manufacturing
664,332439,Other Metal Container Manufacturing
665,212290,Other Metal Ore Mining
666,332919,Other Metal Valve and Pipe Fitting Manufacturing
667,321918,Other Millwork (including Flooring)
668,423990,Other Miscellaneous Durable Goods Merchant Wholesalers
669,424990,Other Miscellaneous Nondurable Goods Merchant Wholesalers
670,512199,Other Motion Picture and Video Industries
671,336390,Other Motor Vehicle Parts Manufacturing
672,111339,Other Noncitrus Fruit Farming
673,331529,Other Nonferrous Metal Foundries (except Die-Casting)
674,562219,Other Nonhazardous Waste Treatment and Disposal
675,212390,Other Nonmetallic Mineral Mining and Quarrying
676,481219,Other Nonscheduled Air Transportation
677,322219,Other Paperboard Container Manufacturing
678,711190,Other Performing Arts Companies
679,812199,Other Personal Care Services
680,811490,Other Personal and Household Goods Repair and Maintenance
681,112390,Other Poultry Production
682,327212,Other Pressed and Blown Glass and Glassware Manufacturing
683,423490,Other Professional Equipment and Supplies Merchant Wholesalers
684,623990,Other Residential Care Facilities
685,541690,Other Scientific and Technical Consulting Services
686,541890,Other Services Related to Advertising
687,561790,Other Services to Buildings and Dwellings
688,813990,"Other Similar Organizations (except Business, Professional, Labor"
689,311919,Other Snack Food Manufacturing
690,813319,Other Social Advocacy Organizations
691,512290,Other Sound Recording Industries
692,541490,Other Specialized Design Services
693,711219,Other Spectator Sports
694,488190,Other Support Activities for Air Transportation
695,488490,Other Support Activities for Road Transportation
696,488390,Other Support Activities for Water Transportation
697,611519,Other Technical and Trade Schools
698,485119,Other Urban Transit Systems
699,111219,Other Vegetable (except Potato) and Melon Farming
700,493190,Other Warehousing and Storage
701,562119,Other Waste Collection
702,444230,Outdoor Power Equipment Retailers
703,621420,Outpatient Mental Health and Substance Abuse Centers
704,333923,"Overhead Traveling Crane, Hoist, and Monorail System Manufacturin"
705,424420,Packaged Frozen Food Merchant Wholesalers
706,333993,Packaging Machinery Manufacturing
707,561910,Packaging and Labeling Services
708,488991,Packing and Crating
709,325510,Paint and Coating Manufacturing
710,444120,Paint and Wallpaper Retailers
711,424950,"Paint, Varnish, and Supplies Merchant Wholesalers"
712,238320,Painting and Wall Covering Contractors
713,322220,Paper Bag and Coated and Treated Paper Manufacturing
714,322120,Paper Mills
715,322130,Paperboard Mills
716,812930,Parking Lots and Garages
717,922150,Parole Offices and Probation Offices
718,532112,Passenger Car Leasing
719,532111,Passenger Car Rental
720,541214,Payroll Services
721,111992,Peanut Farming
722,525110,Pension Funds
723,513120,Periodical Publishers
724,311991,Perishable Prepared Food Manufacturing
725,325320,Pesticide and Other Agricultural Chemical Manufacturing
726,812910,Pet Care (except Veterinary) Services
727,459910,Pet and Pet Supplies Retailers
728,325110,Petrochemical Manufacturing
729,424710,Petroleum Bulk Stations and Terminals
730,324191,Petroleum Lubricating Oil and Grease Manufacturing
731,324110,Petroleum Refineries
732,424720,Petroleum and Petroleum Products Merchant Wholesalers (except Bul
733,325412,Pharmaceutical Preparation Manufacturing
734,456110,Pharmacies and Drug Retailers
735,524292,Pharmacy Benefit Management and Other Third Party Administration 
736,325312,Phosphatic Fertilizer Manufacturing
737,812921,Photofinishing Laboratories (except One-Hour)
738,423410,Photographic Equipment and Supplies Merchant Wholesalers
739,325992,"Photographic Film, Paper, Plate, Chemical, and Copy Toner Manufac"
740,541921,"Photography Studios, Portrait"
741,424310,"Piece Goods, Notions, and Other Dry Goods Merchant Wholesalers"
742,486110,Pipeline Transportation of Crude Oil
743,486210,Pipeline Transportation of Natural Gas
744,486910,Pipeline Transportation of Refined Petroleum Products
745,326111,Plastics Bag and Pouch Manufacturing
746,326160,Plastics Bottle Manufacturing
747,325211,Plastics Material and Resin Manufacturing
748,424610,Plastics Materials and Basic Forms and Shapes Merchant Wholesaler
749,326112,Plastics Packaging Film and Sheet (including Laminated) Manufactu
750,326122,Plastics Pipe and Pipe Fitting Manufacturing
751,326191,Plastics Plumbing Fixture Manufacturing
752,332313,Plate Work Manufacturing
753,332913,Plumbing Fixture Fitting and Trim Manufacturing
754,423720,Plumbing and Heating Equipment and Supplies (Hydronics) Merchant 
755,238220,"Plumbing, Heating, and Air-Conditioning Contractors"
756,922120,Police Protection
757,325612,Polish and Other Sanitation Good Manufacturing
758,813940,Political Organizations
759,326140,Polystyrene Foam Product Manufacturing
760,488310,Port and Harbor Operations
761,523940,Portfolio Management and Investment Advice
762,491110,Postal Service
763,115114,Postharvest Crop Activities (except Cotton Ginning)
764,111211,Potato Farming
765,327110,"Pottery, Ceramics, and Plumbing Fixture Manufacturing"
766,112340,Poultry Hatcheries
767,311615,Poultry Processing
768,424440,Poultry and Poultry Product Merchant Wholesalers
769,238110,Poured Concrete Foundation and Structure Contractors
770,332117,Powder Metallurgy Part Manufacturing
771,332410,Power Boiler and Heat Exchanger Manufacturing
772,237130,Power and Communication Line and Related Structures Construction
773,335311,"Power, Distribution, and Specialty Transformer Manufacturing"
774,333991,Power-Driven Handtool Manufacturing
775,332721,Precision Turned Product Manufacturing
776,332311,Prefabricated Metal Building and Component Manufacturing
777,321992,Prefabricated Wood Building Manufacturing
778,334418,Printed Circuit Assembly (Electronic Assembly) Manufacturing
779,325910,Printing Ink Manufacturing
780,424110,Printing and Writing Paper Merchant Wholesalers
781,814110,Private Households
782,561431,Private Mail Centers
783,541614,"Process, Physical Distribution, and Logistics Consulting Services"
784,561330,Professional Employer Organizations
785,813920,Professional Organizations
786,611430,Professional and Management Development Training
787,711320,"Promoters of Performing Arts, Sports, and Similar Events without "
788,711310,"Promoters of Performing Arts, Sports, and Similar Events with Fac"
789,622210,Psychiatric and Substance Abuse Hospitals
790,921130,Public Finance Activities
791,541820,Public Relations Agencies
792,322110,Pulp Mills
793,721211,RV (Recreational Vehicle) Parks and Campgrounds
794,711212,Racetracks
795,516110,Radio Broadcasting Stations
796,334220,Radio and Television Broadcasting and Wireless Communications Equ
797,336510,Railroad Rolling Stock Manufacturing
798,327320,Ready-Mix Concrete Manufacturing
799,522292,Real Estate Credit
800,321219,Reconstituted Wood Product Manufacturing
801,512250,Record Production and Distribution
802,532284,Recreational Goods Rental
803,441210,Recreational Vehicle Dealers
804,721214,Recreational and Vacation Camps (except Campgrounds)
805,423930,Recyclable Material Merchant Wholesalers
806,493120,Refrigerated Warehousing and Storage
807,423740,Refrigeration Equipment and Supplies Merchant Wholesalers
808,926130,"Regulation and Administration of Communications, Electric, Gas, a"
809,926120,Regulation and Administration of Transportation Programs
810,926140,Regulation of Agricultural Marketing and Commodities
811,926150,"Regulation, Licensing, and Inspection of Miscellaneous Commercial"
812,524130,Reinsurance Carriers
813,335314,Relay and Industrial Control Manufacturing
814,813110,Religious Organizations
815,562910,Remediation Services
816,311613,Rendering and Meat Byproduct Processing
817,561491,Repossession Services
818,541714,Research and Development in Biotechnology (except Nanobiotechnolo
819,541713,Research and Development in Nanotechnology
820,541715,"Research and Development in the Physical, Engineering, and Life S"
821,541720,Research and Development in the Social Sciences and Humanities
822,335131,Residential Electric Lighting Fixture Manufacturing
823,623210,Residential Intellectual and Developmental Disability Facilities
824,623220,Residential Mental Health and Substance Abuse Facilities
825,531311,Residential Property Managers
826,236118,Residential Remodelers
827,311811,Retail Bakeries
828,811420,Reupholstery and Furniture Repair
829,111160,Rice Farming
830,311212,Rice Milling
831,311911,Roasted Nuts and Peanut Butter Manufacturing
832,331221,Rolled Steel Shape Manufacturing
833,333519,Rolling Mill and Other Metalworking Machinery Manufacturing
834,238160,Roofing Contractors
835,423330,"Roofing, Siding, and Insulation Material Merchant Wholesalers"
836,721310,"Rooming and Boarding Houses, Dormitories, and Workers' Camps"
837,314994,"Rope, Cordage, Twine, Tire Cord, and Tire Fabric Mills"
838,326291,Rubber Product Manufacturing for Mechanical Use
839,326220,Rubber and Plastics Hoses and Belting Manufacturing
840,522220,Sales Financing
841,322291,Sanitary Paper Product Manufacturing
842,517410,Satellite Telecommunications
843,522180,Savings Institutions and Other Depository Credit Intermediation
844,332216,Saw Blade and Handtool Manufacturing
845,333243,"Sawmill, Woodworking, and Paper Machinery Manufacturing"
846,321113,Sawmills
847,487110,"Scenic and Sightseeing Transportation, Land"
848,487990,"Scenic and Sightseeing Transportation, Other"
849,487210,"Scenic and Sightseeing Transportation, Water"
850,481112,Scheduled Freight Air Transportation
851,481111,Scheduled Passenger Air Transportation
852,485410,School and Employee Bus Transportation
853,311710,Seafood Product Preparation and Packaging
854,334511,"Search, Detection, Navigation, Guidance, Aeronautical, and Nautic"
855,331314,Secondary Smelting and Alloying of Aluminum
856,331492,"Secondary Smelting, Refining, and Alloying of Nonferrous Metal (e"
857,523210,Securities and Commodity Exchanges
858,561612,Security Guards and Patrol Services
859,561621,Security Systems Services (except Locksmiths)
860,333242,Semiconductor Machinery Manufacturing
861,334413,Semiconductor and Related Device Manufacturing
862,562991,Septic Tank and Related Services
863,423850,Service Establishment Equipment and Supplies Merchant Wholesalers
864,624120,Services for the Elderly and Persons with Disabilities
865,221320,Sewage Treatment Facilities
866,459130,"Sewing, Needlework, and Piece Goods Retailers"
867,112410,Sheep Farming
868,332322,Sheet Metal Work Manufacturing
869,112512,Shellfish Farming
870,114112,Shellfish Fishing
871,336611,Ship Building and Repairing
872,458210,Shoe Retailers
873,482112,Short Line Railroads
874,337215,"Showcase, Partition, Shelving, and Locker Manufacturing"
875,238170,Siding Contractors
876,339950,Sign Manufacturing
877,238910,Site Preparation Contractors
878,713920,Skiing Facilities
879,332992,Small Arms Ammunition Manufacturing
880,332994,"Small Arms, Ordnance, and Ordnance Accessories Manufacturing"
881,335210,Small Electrical Appliance Manufacturing
882,722515,Snack and Nonalcoholic Beverage Bars
883,325611,Soap and Other Detergent Manufacturing
884,312111,Soft Drink Manufacturing
885,513210,Software Publishers
886,321212,Softwood Veneer and Plywood Manufacturing
887,115112,"Soil Preparation, Planting, and Cultivating"
888,221114,Solar Electric Power Generation
889,562111,Solid Waste Collection
890,562213,Solid Waste Combustors and Incinerators
891,562212,Solid Waste Landfill
892,512240,Sound Recording Studios
893,111110,Soybean Farming
894,311224,Soybean and Other Oilseed Processing
895,927110,Space Research and Technology
896,333514,"Special Die and Tool, Die Set, Jig, and Fixture Manufacturing"
897,485991,Special Needs Transportation
898,811114,Specialized Automotive Repair
899,484230,"Specialized Freight (except Used Goods) Trucking, Long-Distance"
900,484220,"Specialized Freight (except Used Goods) Trucking, Local"
901,622310,Specialty (except Psychiatric and Substance Abuse) Hospitals
902,311422,Specialty Canning
903,333612,"Speed Changer, Industrial High-Speed Drive, and Gear Manufacturin"
904,311942,Spice and Extract Manufacturing
905,459110,Sporting Goods Retailers
906,339920,Sporting and Athletic Goods Manufacturing
907,423910,Sporting and Recreational Goods and Supplies Merchant Wholesalers
908,711211,Sports Teams and Clubs
909,611620,Sports and Recreation Instruction
910,332613,Spring Manufacturing
911,322230,Stationery Product Manufacturing
912,424120,Stationery and Office Supplies Merchant Wholesalers
913,221330,Steam and Air-Conditioning Supply
914,331513,Steel Foundries (except Investment)
915,331512,Steel Investment Foundries
916,331222,Steel Wire Drawing
917,111333,Strawberry Farming
918,238120,Structural Steel and Precast Concrete Contractors
919,111991,Sugar Beet Farming
920,111930,Sugarcane Farming
921,445110,Supermarkets and Other Grocery Retailers (except Convenience Reta
922,115210,Support Activities for Animal Production
923,213113,Support Activities for Coal Mining
924,115310,Support Activities for Forestry
925,213114,Support Activities for Metal Mining
926,213115,Support Activities for Nonmetallic Minerals (except Fuels) Mining
927,213112,Support Activities for Oil and Gas Operations
928,323120,Support Activities for Printing
929,488210,Support Activities for Rail Transportation
930,325613,Surface Active Agent Manufacturing
931,212114,Surface Coal Mining
932,339113,Surgical Appliance and Supplies Manufacturing
933,339112,Surgical and Medical Instrument Manufacturing
934,541370,Surveying and Mapping (except Geophysical) Services
935,335313,Switchgear and Switchboard Apparatus Manufacturing
936,325130,Synthetic Dye and Pigment Manufacturing
937,325212,Synthetic Rubber Manufacturing
938,541213,Tax Preparation Services
939,485310,Taxi and Ridesharing Services
940,517121,Telecommunications Resellers
941,561422,Telemarketing Bureaus and Other Contact Centers
942,561421,Telephone Answering Services
943,334210,Telephone Apparatus Manufacturing
944,512191,Teleproduction and Other Postproduction Services
945,516120,Television Broadcasting Stations
946,561320,Temporary Help Services
947,624221,Temporary Shelters
948,541380,Testing Laboratories and Services
949,314910,Textile Bag and Canvas Mills
950,313310,Textile and Fabric Finishing Mills
951,711110,Theater Companies and Dinner Theaters
952,238340,Tile and Terrazzo Contractors
953,113110,Timber Tract Operations
954,441340,Tire Dealers
955,326211,Tire Manufacturing (except Retreading)
956,326212,Tire Retreading
957,423130,Tire and Tube Merchant Wholesalers
958,541191,Title Abstract and Settlement Offices
959,111910,Tobacco Farming
960,312230,Tobacco Manufacturing
961,424940,Tobacco Product and Electronic Cigarette Merchant Wholesalers
962,459991,"Tobacco, Electronic Cigarette, and Other Smoking Supplies Retaile"
963,325620,Toilet Preparation Manufacturing
964,311830,Tortilla Manufacturing
965,334514,Totalizing Fluid Meter and Counting Device Manufacturing
966,561520,Tour Operators
967,423920,Toy and Hobby Goods and Supplies Merchant Wholesalers
968,541930,Translation and Interpretation Services
969,423860,Transportation Equipment and Supplies (except Motor Vehicle) Merc
970,561510,Travel Agencies
971,336214,Travel Trailer and Camper Manufacturing
972,111335,Tree Nut Farming
973,336212,Truck Trailer Manufacturing
974,532120,"Truck, Utility Trailer, and RV (Recreational Vehicle) Rental and "
975,523991,"Trust, Fiduciary, and Custody Activities"
976,525920,"Trusts, Estates, and Agency Accounts"
977,333611,Turbine and Turbine Generator Set Units Manufacturing
978,112330,Turkey Production
979,212115,Underground Coal Mining
980,326113,Unlaminated Plastics Film and Sheet (except Packaging) Manufactur
981,326121,Unlaminated Plastics Profile Shape Manufacturing
982,337121,Upholstered Household Furniture Manufacturing
983,326150,Urethane and Other Foam Product (except Polystyrene) Manufacturin
984,441120,Used Car Dealers
985,484210,Used Household and Office Goods Moving
986,459510,Used Merchandise Retailers
987,445132,Vending Machine Operators
988,541940,Veterinary Services
989,532282,Video Tape and Disc Rental
990,624310,Vocational Rehabilitation Services
991,813212,Voluntary Health Organizations
992,455211,Warehouse Clubs and Supercenters
993,423730,Warm Air Heating and Air-Conditioning Equipment and Supplies Merc
994,221310,Water Supply and Irrigation Systems
995,237110,Water and Sewer Line and Related Structures Construction
996,519290,Web Search Portals and All Other Information Services
997,333992,Welding and Soldering Equipment Manufacturing
998,311221,Wet Corn Milling and Starch Manufacturing
999,111140,Wheat Farming
1000,425120,Wholesale Trade Agents and Brokers
1001,221115,Wind Electric Power Generation
1002,449122,Window Treatment Retailers
1003,424820,Wine and Distilled Alcoholic Beverage Merchant Wholesalers
1004,312130,Wineries
1005,517111,Wired Telecommunications Carriers
1006,517112,Wireless Telecommunications Carriers (except Satellite)
1007,321920,Wood Container and Pallet Manufacturing
1008,337110,Wood Kitchen Cabinet and Countertop Manufacturing
1009,337211,Wood Office Furniture Manufacturing
1010,321114,Wood Preservation
1011,321911,Wood Window and Door Manufacturing
1012,712130,Zoos and Botanical Gardens
